user_nber,new_user_nber
albert_n._link,albert_link
alison_delrossi,alison_del_rossi
andresrodriguez,andres_rodriguez
benjamin__bennett_1,benjamin_bennett
benjamin_remy,benjamin_chabot
chen_lin_1,chen_lin
cheryl_long_1,cheryl_long
chitra_jayanty_1,chitra_jayanty
christopher_hansman_1,christopher_hansman
corysc,cory_capps
dan_goldhaber_1,dan_goldhaber
dana__kiku,dana_kiku
daniel__jones,dbjones
daniel_chen,daniel_l_chen
dean.hyslop,dean_hyslop
elizabeth_richardson,elizabeth_richardson_vigdor
emiko_usui,emiko
florian_hoffman,florian_hoffmann
giorgo_sertsios_1,giorgo_sertsios
greve,jane_greve_1
guido_ilbens,guido_imbens
hangbai,hang_bai
helen_f_ladd,helen_ladd
jacopo_perego,jacopo_perego_1
james_liang,james_liang_1
jason_lee,jason_lee_1
jing_li_2,jing_li_1
john__marshall,john_marshall1
jorginho84,jorge__rodriguez
julia_wang,julia_shu-huah__wang
julien_prat,julien_prat_1
kasper_nielsen,kasper_m_nielsen
kavin_orourke,kevin_orourke
kendall_jake,jake_kendall
kevin_nrourke,kevin_orourke
klaus_prettner_1,klaus_prettner
lai_wei,lai_wei_1
lasse_brune,lasse_brune_1
liangliang_jiang,liangliang_jiang_1
long_chen_dr,long_chen
luis_brites_pereira_1,luis_pereira
mark_r._trusheim,mark_trusheim
michael_p_keane,michael_p_keane_1
mishka1,michael_katz
oren_levintal,oren_levintal_1
peter_landry,peter_landry_1
peter_shirley,peter_shirley_1
phenix.hf,feng_huang
primofrank,francisco_rodriguez
PtitSeb,sebastien_turban
rachelbb,rachel_baker
rembrand_m_koning,rembrand_koning
robert_raschd,robert_rasche
roger__moon_,hyungsik_moon
roger_clemmons,roger_clemmons_1
rudiger,ruediger_fahlenbrach
rudy_loo-kung,rudy_loo-kung_1
sam_ali,s._nageeb__ali
sang_hoon_kong_1,sang_hoon_kong
sbusch,susan_busch
stephen_l_ross,steven_ross
steve4408,steven_nyce
steven_shore,stephen_shore
sungwonk,sung_won_kang
syed_ali_hasanain_1,syed_ali_hasanain
valerio__leone_sciabolazza,sciabolazza
xin_liu,kellyanu
y_richard_wang,richard_wang
yildirim,muhammed_yildirim
yin-chi_wang,yin-chi_wang_1
zexi_wang,zexi_wang_1
zhangliang999,liang_zhang
